"text","favorited","favoriteCount","replyToSN","created","truncated","replyToSID","id","replyToUID","statusSource","screenName","retweetCount","isRetweet","retweeted","longitude","latitude"
"Buscamos: #Controller Financiero para empresa del sector #telecomunicaciones, con experiencia previa superior a 3 a… https://t.co/OjSX9Tlec5",FALSE,0,NA,2019-08-11 11:36:00,TRUE,NA,"1160515202472972288",NA,"<a href=""https://about.twitter.com/products/tweetdeck"" rel=""nofollow"">TweetDeck</a>","EspanaFed",0,FALSE,FALSE,NA,NA
"Se necesita técnico en telecomunicaciones https://t.co/b0VPXwG9IZ ciudad Concepción #trabajo #empleo",FALSE,0,NA,2019-08-11 07:46:01,FALSE,NA,"1160457328027668480",NA,"<a href=""http://www.chiletrabajos.cl/"" rel=""nofollow"">chiletrabajos</a>","cht_informatica",0,FALSE,FALSE,NA,NA
"RT @lethal_words: @GiorgioJackson @nmonckeberg @sebastianpinera Gobierno solo defienda la precarización del empleo. La cuál viene principal…",FALSE,0,NA,2019-08-11 02:38:26,FALSE,NA,"1160379919890825216",NA,"<a href=""http://twitter.com/download/android"" rel=""nofollow"">Twitter for Android</a>","Ancorosa",2,TRUE,FALSE,NA,NA
"RT @lethal_words: @GiorgioJackson @nmonckeberg @sebastianpinera Gobierno solo defienda la precarización del empleo. La cuál viene principal…",FALSE,0,NA,2019-08-11 00:58:49,FALSE,NA,"1160354852557529093",NA,"<a href=""https://mobile.twitter.com"" rel=""nofollow"">Twitter Web App</a>","lromer2016",2,TRUE,FALSE,NA,NA
"@GiorgioJackson @nmonckeberg @sebastianpinera Gobierno solo defienda la precarización del empleo. La cuál viene pri… https://t.co/Kf466qH5tF",FALSE,3,"GiorgioJackson",2019-08-11 00:12:37,TRUE,"1160341963830439936","1160343223312814080","59215690","<a href=""http://twitter.com/download/android"" rel=""nofollow"">Twitter for Android</a>","lethal_words",2,FALSE,FALSE,NA,NA
"Dependiente/a Telecomunicaciones
#trabajo #empleo #Murcia #trabajomurcia
Inscríbete aquí <U+0001F449> https://t.co/Tl7YZaauhW",FALSE,0,NA,2019-08-10 16:57:00,FALSE,NA,"1160233598944980993",NA,"<a href=""https://buffer.com"" rel=""nofollow"">Buffer</a>","EmpleoMurcia",0,FALSE,FALSE,NA,NA
"Buscamos: Recolectores de equipos de telecomunicaciones, en #CDMX #empleo #trabajo #méxico #felizsabado https://t.co/LLVE3eERF2",FALSE,0,NA,2019-08-10 16:30:02,FALSE,NA,"1160226809998446592",NA,"<a href=""http://tusempleos.com"" rel=""nofollow"">tusempleos</a>","tusEmpleos",0,FALSE,FALSE,NA,NA
"RT @cht_informatica: Se necesita técnico en telecomunicaciones https://t.co/b0VPXwG9IZ ciudad Concepción #trabajo #empleo",FALSE,0,NA,2019-08-10 02:52:27,FALSE,NA,"1160021061796339718",NA,"<a href=""http://twitter.com/download/android"" rel=""nofollow"">Twitter for Android</a>","BorquezRosario",1,TRUE,FALSE,NA,NA
"Empleo: Ayudante de técnico de cableado telecomunicaciones, en #BajaCalifornia #empleo #trabajo #méxico… https://t.co/51NvUjxZB8",FALSE,0,NA,2019-08-10 02:30:02,TRUE,NA,"1160015417592729600",NA,"<a href=""http://tusempleos.com"" rel=""nofollow"">tusempleos</a>","tusEmpleos",0,FALSE,FALSE,NA,NA
"Se necesita técnico en telecomunicaciones https://t.co/b0VPXwG9IZ ciudad Concepción #trabajo #empleo",FALSE,0,NA,2019-08-10 00:46:01,FALSE,NA,"1159989243336429568",NA,"<a href=""http://www.chiletrabajos.cl/"" rel=""nofollow"">chiletrabajos</a>","cht_informatica",1,FALSE,FALSE,NA,NA
"Empleo Venta Directa Telecomunicaciones Málaga Empleo – Málaga, Málaga provincia
#empleo #trabajo #Malaga… https://t.co/fYvUhO00Qo",FALSE,0,NA,2019-08-09 23:53:32,TRUE,NA,"1159976034151936000",NA,"<a href=""https://ifttt.com"" rel=""nofollow"">IFTTT</a>","TrabajosMalaga_",0,FALSE,FALSE,NA,NA
"tecnico telecomunicaciones – Orcomtel – Madrid, Madrid provincia
#empleo #trabajo #Madrid #empleomadrid
Solicita es… https://t.co/fA1kzxAbBZ",FALSE,0,NA,2019-08-09 22:44:43,TRUE,NA,"1159958716558577664",NA,"<a href=""https://ifttt.com"" rel=""nofollow"">IFTTT</a>","Jobs_in_Madrid",0,FALSE,FALSE,NA,NA
"Oportunidad Laboral
ANALISTA SENIOR CSIRT
Importante empresa de Telecomunicaciones, busca a un profesional para hac… https://t.co/ES0OxJb80f",FALSE,0,NA,2019-08-09 19:22:49,TRUE,NA,"1159907908009828352",NA,"<a href=""https://www.hootsuite.com"" rel=""nofollow"">Hootsuite Inc.</a>","bvmconsultores",0,FALSE,FALSE,NA,NA
"Oportunidad Laboral
ANALISTA JUNIOR CSIRT
Importante empresa de Telecomunicaciones, busca a un profesional para hac… https://t.co/6fCdjivZ2R",FALSE,0,NA,2019-08-09 19:20:52,TRUE,NA,"1159907416919744519",NA,"<a href=""https://www.hootsuite.com"" rel=""nofollow"">Hootsuite Inc.</a>","bvmconsultores",0,FALSE,FALSE,NA,NA
"Oportunidad Laboral
ESPECIALISTA SOC
Importante empresa de Telecomunicaciones, requiere contratar a un profesional… https://t.co/P3JcDBo7PB",FALSE,0,NA,2019-08-09 19:14:26,TRUE,NA,"1159905796383236096",NA,"<a href=""https://www.hootsuite.com"" rel=""nofollow"">Hootsuite Inc.</a>","bvmconsultores",0,FALSE,FALSE,NA,NA
"Oportunidad Laboral
INGENIERO EN TELECOMUNICACIONES
Empresa líder en el rubro de las Telecomunicaciones, busca a un… https://t.co/BBn5NUsnAR",FALSE,0,NA,2019-08-09 19:10:28,TRUE,NA,"1159904797895663617",NA,"<a href=""https://www.hootsuite.com"" rel=""nofollow"">Hootsuite Inc.</a>","bvmconsultores",0,FALSE,FALSE,NA,NA
"RT @cht_concepcion: Se necesita técnico en telecomunicaciones https://t.co/aiX1pcHA1y ciudad Concepción #trabajo #empleo",FALSE,0,NA,2019-08-09 18:38:39,FALSE,NA,"1159896790281461760",NA,"<a href=""http://twitter.com/download/android"" rel=""nofollow"">Twitter for Android</a>","Patty_Ely",1,TRUE,FALSE,NA,NA
"Ingeniero Electrónico/Telecomunicaciones/Físico
#empleo #trabajo #Barcelona #empleobarcelona
Inscríbete aquí <U+0001F449> https://t.co/AUmuJ8eag5",FALSE,0,NA,2019-08-09 18:23:08,FALSE,NA,"1159892887934517250",NA,"<a href=""https://ifttt.com"" rel=""nofollow"">IFTTT</a>","Jobs_in_BCN",0,FALSE,FALSE,NA,NA
"Se necesita técnico en telecomunicaciones https://t.co/aiX1pcHA1y ciudad Concepción #trabajo #empleo",FALSE,0,NA,2019-08-09 17:49:02,FALSE,NA,"1159884302831824896",NA,"<a href=""http://www.chiletrabajos.cl/"" rel=""nofollow"">chiletrabajos</a>","cht_concepcion",1,FALSE,FALSE,NA,NA
"ASESOR/A COMERCIAL TELECOMUNICACIONES EMPRESAS
#empleo #trabajo #Alicante #trabajoalicante
Inscríbete aquí <U+0001F449> https://t.co/OFXswUcHX4",FALSE,0,NA,2019-08-09 17:03:19,FALSE,NA,"1159872799005138944",NA,"<a href=""https://ifttt.com"" rel=""nofollow"">IFTTT</a>","TrabajosAlacant",0,FALSE,FALSE,NA,NA
"Dependiente/a Telecomunicaciones
#trabajo #empleo #Murcia #trabajomurcia
Inscríbete aquí <U+0001F449> https://t.co/4a04NQUT7d",FALSE,0,NA,2019-08-09 15:36:00,FALSE,NA,"1159850827386953730",NA,"<a href=""https://buffer.com"" rel=""nofollow"">Buffer</a>","TrabajoMurcia",0,FALSE,FALSE,NA,NA
"Comercial telecomunicaciones.
#trabajo #empleo #Murcia #trabajomurcia
Inscríbete aquí <U+0001F449> https://t.co/HO6SNy3Twr",FALSE,0,NA,2019-08-09 15:08:01,FALSE,NA,"1159843782172401668",NA,"<a href=""https://buffer.com"" rel=""nofollow"">Buffer</a>","EmpleoMurcia",0,FALSE,FALSE,NA,NA
"RT @miguelsepulcre: Oferta de #empleo en I+D+i en la #UMH sobre “Comunicaciones #V2X para Vehículo Autónomo Conectado” para titulad@s en #t…",FALSE,0,NA,2019-08-09 14:23:34,FALSE,NA,"1159832598232752128",NA,"<a href=""http://twitter.com/download/android"" rel=""nofollow"">Twitter for Android</a>","estudiateleco",4,TRUE,FALSE,NA,NA
"Beca estudiantes de Informática o Telecomunicaciones
#empleo #trabajo #Bizkaia #trabajobizkaia
Inscríbete aquí <U+0001F449> https://t.co/qQ1wjklr7h",FALSE,0,NA,2019-08-09 13:33:39,FALSE,NA,"1159820034430164992",NA,"<a href=""https://ifttt.com"" rel=""nofollow"">IFTTT</a>","TrabajosBizkaia",0,FALSE,FALSE,NA,NA
"Oferta de #empleo: Asesor/a Comercial- Telecomunicaciones IP. Málaga en #Málaga, Málaga, Andalucía, España https://t.co/fXLbPHK9Wg",FALSE,0,NA,2019-08-09 11:30:22,FALSE,NA,"1159789010518269953",NA,"<a href=""http://www.bizneo.com"" rel=""nofollow"">Bizneo</a>","HighlanderRRHH",0,FALSE,FALSE,NA,NA
"Comercial telecomunicaciones.
#trabajo #empleo #Murcia #trabajomurcia
Inscríbete aquí <U+0001F449> https://t.co/mQCARShb4K",FALSE,0,NA,2019-08-09 08:31:00,FALSE,NA,"1159743871825403904",NA,"<a href=""https://buffer.com"" rel=""nofollow"">Buffer</a>","TrabajoMurcia",0,FALSE,FALSE,NA,NA
"Puesto: Personal Investigador de Apoyo (Ingeniería de Telecomunicaciones / Informática) - Seguridad en computación… https://t.co/Iz2BIl8c4S",FALSE,0,NA,2019-08-09 07:30:08,TRUE,NA,"1159728552721494017",NA,"<a href=""http://twitter.com"" rel=""nofollow"">Twitter Web Client</a>","empleo_idi",0,FALSE,FALSE,NA,NA
"Puesto: Personal Investigador de Apoyo (Ingeniería de Telecomunicaciones / Informática) - Análisis de datos y simul… https://t.co/NYbnnQ2f4K",FALSE,0,NA,2019-08-09 07:28:36,TRUE,NA,"1159728168359596032",NA,"<a href=""http://twitter.com"" rel=""nofollow"">Twitter Web Client</a>","empleo_idi",0,FALSE,FALSE,NA,NA
"Master en Negocio y Derecho de las Telecomunicaciones https://t.co/dBa9loObcH https://t.co/CRTGNlO81W",FALSE,0,NA,2019-08-09 03:55:05,FALSE,NA,"1159674434971680768",NA,"<a href=""http://cursos.noticiasvigo.es"" rel=""nofollow"">Cursos Noticias Vigo</a>","portal_empleo",0,FALSE,FALSE,NA,NA
"Contoller Económico. Proyecto de Telecomunicaciones
#empleo #trabajo #Madrid #empleomadrid
Solicita este trabajo aq… https://t.co/ZeX3dhb5yN",FALSE,0,NA,2019-08-09 01:40:41,TRUE,NA,"1159640612565598209",NA,"<a href=""https://ifttt.com"" rel=""nofollow"">IFTTT</a>","Jobs_in_Madrid",0,FALSE,FALSE,NA,NA
"#oposiciones https://t.co/ykEmBrA0u3 ESCALA DE OFICIALES DEL CUERPO GENERAL DEL EJERCITO DEL AIRE. a) Tres (3) plaz… https://t.co/NPhCYF9TLz",FALSE,0,NA,2019-08-09 01:35:18,TRUE,NA,"1159639257214050304",NA,"<a href=""https://ifttt.com"" rel=""nofollow"">IFTTT</a>","TodoOposiciones",0,FALSE,FALSE,NA,NA
"RT @camilogaviriag: Vamos a convertir a #LaDorada en un polo de desarrollo tecnológico con proyectos de telecomunicaciones, call centers, B…",FALSE,0,NA,2019-08-08 19:41:52,FALSE,NA,"1159550311557730338",NA,"<a href=""http://twitter.com/download/android"" rel=""nofollow"">Twitter for Android</a>","sismorresitent",3,TRUE,FALSE,NA,NA
"RT @camilogaviriag: Vamos a convertir a #LaDorada en un polo de desarrollo tecnológico con proyectos de telecomunicaciones, call centers, B…",FALSE,0,NA,2019-08-08 18:50:30,FALSE,NA,"1159537385274773504",NA,"<a href=""http://twitter.com/download/iphone"" rel=""nofollow"">Twitter for iPhone</a>","robertz67233645",3,TRUE,FALSE,NA,NA
"RT @camilogaviriag: Vamos a convertir a #LaDorada en un polo de desarrollo tecnológico con proyectos de telecomunicaciones, call centers, B…",FALSE,0,NA,2019-08-08 16:42:03,FALSE,NA,"1159505061988491265",NA,"<a href=""http://twitter.com/download/android"" rel=""nofollow"">Twitter for Android</a>","monoparra90",3,TRUE,FALSE,NA,NA
"PROMOTOR /A TELECOMUNICACIONES EN MEDIA MARKT. PARQUE MEGAPARK BARAKALDO
#empleo #trabajo #Bizkaia #trabajobizkaia… https://t.co/QpM0XHX48I",FALSE,0,NA,2019-08-08 16:33:38,TRUE,NA,"1159502941503578114",NA,"<a href=""https://ifttt.com"" rel=""nofollow"">IFTTT</a>","TrabajosBizkaia",0,FALSE,FALSE,NA,NA
"Vamos a convertir a #LaDorada en un polo de desarrollo tecnológico con proyectos de telecomunicaciones, call center… https://t.co/bdVuQJLd3g",FALSE,5,"camilogaviriag",2019-08-08 15:32:02,TRUE,"1159487194345680896","1159487438680657920","261814819","<a href=""http://twitter.com/download/iphone"" rel=""nofollow"">Twitter for iPhone</a>","camilogaviriag",3,FALSE,FALSE,NA,NA
"Puesto: Personal Investigador de Apoyo - Ciberseguridad (Ingeniería de Telecomunicaciones / Ingeniería Informática)… https://t.co/LydgNoJCN5",FALSE,0,NA,2019-08-08 12:28:05,TRUE,NA,"1159441145488957441",NA,"<a href=""http://twitter.com"" rel=""nofollow"">Twitter Web Client</a>","empleo_idi",0,FALSE,FALSE,NA,NA
"RT @miguelsepulcre: Oferta de #empleo en I+D+i en la #UMH sobre “Comunicaciones #V2X para Vehículo Autónomo Conectado” para titulad@s en #t…",FALSE,0,NA,2019-08-08 09:16:38,FALSE,NA,"1159392967897100290",NA,"<a href=""http://twitter.com/download/android"" rel=""nofollow"">Twitter for Android</a>","ramashispania",4,TRUE,FALSE,NA,NA
"@WRadioColombia El bicentenario tendrá su historia y las nuevas generaciones van ha recordar al Señor duque como el… https://t.co/Cfx0gRbMwi",FALSE,0,"WRadioColombia",2019-08-08 03:12:08,TRUE,"1159267221459361792","1159301237122183170","20560294","<a href=""http://twitter.com/download/android"" rel=""nofollow"">Twitter for Android</a>","JhonJairoBalle6",0,FALSE,FALSE,NA,NA
"A ver #Twitter haz tu magia, estoy buscando empleo, soy Ingeniero en Computación, tengo un MBA, soy experto en Admi… https://t.co/i86sCqHZgL",FALSE,0,NA,2019-08-08 00:52:48,TRUE,NA,"1159266172040339456",NA,"<a href=""http://twitter.com/download/android"" rel=""nofollow"">Twitter for Android</a>","darkk666",0,FALSE,FALSE,NA,NA
"RT @galgus_: Buscamos un Ingeniero de Telecomunicaciones o de Informática para unirse a nosotros con conocimientos en comunicaciones inalám…",FALSE,0,NA,2019-08-07 23:11:54,FALSE,NA,"1159240779405176832",NA,"<a href=""https://mobile.twitter.com"" rel=""nofollow"">Twitter Web App</a>","frngalan",1,TRUE,FALSE,NA,NA
"Supervisore/as área de telecomunicaciones https://t.co/II9IvrS7xh ciudad Puerto Montt #trabajo #empleo",FALSE,0,NA,2019-08-07 22:53:02,FALSE,NA,"1159236031650107393",NA,"<a href=""http://www.chiletrabajos.cl/"" rel=""nofollow"">chiletrabajos</a>","cht_puertomontt",0,FALSE,FALSE,NA,NA
"PROMOTOR /A STAND TELECOMUNICACIONES CENTROS COMERCIALES
#empleo #trabajo #Alicante #trabajoalicante
Inscríbete aqu… https://t.co/F9OykqZGWR",FALSE,0,NA,2019-08-07 20:13:49,TRUE,NA,"1159195963023667200",NA,"<a href=""https://ifttt.com"" rel=""nofollow"">IFTTT</a>","TrabajosAlacant",0,FALSE,FALSE,NA,NA
"RT coitaoc RT Seviempleo: <U+0001F4C4><U+0001F4E3>Oferta de #empleo de 2 puestos en ingeniería de telecomunicaciones con discapacidad… https://t.co/Dr4vcIywiR",FALSE,0,NA,2019-08-07 20:08:13,TRUE,NA,"1159194557541691392",NA,"<a href=""https://ifttt.com"" rel=""nofollow"">IFTTT</a>","decanoCOITAOC",0,FALSE,FALSE,NA,NA
"RT @Seviempleo: <U+0001F4C4><U+0001F4E3>Oferta de #empleo de 2 puestos en ingeniería de telecomunicaciones con discapacidad #incluyeSE en Sevilla vía @SAEmpleo h…",FALSE,0,NA,2019-08-07 19:55:16,FALSE,NA,"1159191297061728256",NA,"<a href=""http://twitter.com/download/iphone"" rel=""nofollow"">Twitter for iPhone</a>","BelininiBrown",3,TRUE,FALSE,NA,NA
"RT @Seviempleo: <U+0001F4C4><U+0001F4E3>Oferta de #empleo de 2 puestos en ingeniería de telecomunicaciones con discapacidad #incluyeSE en Sevilla vía @SAEmpleo h…",FALSE,0,NA,2019-08-07 19:49:39,FALSE,NA,"1159189883828809728",NA,"<a href=""http://twitter.com/download/android"" rel=""nofollow"">Twitter for Android</a>","coitaoc",3,TRUE,FALSE,NA,NA
"Dependiente Telefonía Móvil #Empleo #Granada | Almuñécar (Granada)
Empresa: Consentido Consultoría S.L
Descripción:… https://t.co/yWFLn2dm1s",FALSE,0,NA,2019-08-07 18:47:51,TRUE,NA,"1159174328979775489",NA,"<a href=""https://ifttt.com"" rel=""nofollow"">IFTTT</a>","GranadaEmpleo_",0,FALSE,FALSE,NA,NA
"Buscamos un Ingeniero de Telecomunicaciones o de Informática para unirse a nosotros con conocimientos en comunicaci… https://t.co/4SJySamL75",FALSE,0,NA,2019-08-07 18:00:07,TRUE,NA,"1159162316488871936",NA,"<a href=""https://buffer.com"" rel=""nofollow"">Buffer</a>","galgus_",1,FALSE,FALSE,NA,NA
"Para mi la principal pega actual son las telecomunicaciones... Cualquier negocio necesita acceso a internet, está c… https://t.co/FE3alYBpWr",FALSE,2,"FernandoR0dr1g",2019-08-07 17:55:17,TRUE,"1159159658302586887","1159161101424222209","892451838506799105","<a href=""http://twitter.com/download/android"" rel=""nofollow"">Twitter for Android</a>","FernandoR0dr1g",0,FALSE,FALSE,NA,NA
"<U+0001F1EB><U+0001F1F7> <U+0001F1FA><U+0001F1F8> <U+0001F1E9><U+0001F1EA> El municipio localizado en Querétaro atraerá a nuevas compañías 

#Industria #México #Querétaro #ElMarqués… https://t.co/jZTdO3Iw46",FALSE,0,NA,2019-08-07 15:23:10,TRUE,NA,"1159122819697053696",NA,"<a href=""http://twitter.com"" rel=""nofollow"">Twitter Web Client</a>","SomosIndustria",0,FALSE,FALSE,NA,NA
"RT @JuventudCanaria: Tienes experiencia pero no acreditada en: instalaciones eléctricas, telecomunicaciones, peluquería, transporte sanitar…",FALSE,0,NA,2019-08-07 12:30:41,FALSE,NA,"1159079412534587393",NA,"<a href=""http://twitter.com/download/android"" rel=""nofollow"">Twitter for Android</a>","The_Arty_Girl",1,TRUE,FALSE,NA,NA
"Asesor/a de Telecomunicaciones
#empleo #trabajo #Malaga #trabajomalaga
Inscríbete aquí <U+0001F449> https://t.co/4xfmnIvCHN",FALSE,0,NA,2019-08-07 11:22:25,FALSE,NA,"1159062234984800261",NA,"<a href=""https://ifttt.com"" rel=""nofollow"">IFTTT</a>","TrabajosMalaga_",0,FALSE,FALSE,NA,NA
"#Coruña Técnico Instalador de Telecomunicaciones, A Coruña https://t.co/4eeXutZ6Pb",FALSE,0,NA,2019-08-07 11:02:12,FALSE,NA,"1159057147231182848",NA,"<a href=""http://www.netvibes.com/"" rel=""nofollow"">Netvibes Widget</a>","SearchEmprego",0,FALSE,FALSE,NA,NA
"<U+0001F4C4><U+0001F4E3>Oferta de #empleo de 2 puestos en ingeniería de telecomunicaciones con discapacidad #incluyeSE en Sevilla vía… https://t.co/xdHyzDDaLu",FALSE,2,NA,2019-08-07 10:45:04,TRUE,NA,"1159052836090630144",NA,"<a href=""https://www.hootsuite.com"" rel=""nofollow"">Hootsuite Inc.</a>","Seviempleo",3,FALSE,FALSE,NA,NA
"Tienes experiencia pero no acreditada en: instalaciones eléctricas, telecomunicaciones, peluquería, transporte sani… https://t.co/wYL3Z9T6qn",FALSE,1,NA,2019-08-07 09:02:35,TRUE,NA,"1159027044635893760",NA,"<a href=""https://mobile.twitter.com"" rel=""nofollow"">Twitter Web App</a>","JuventudCanaria",1,FALSE,FALSE,NA,NA
"¿Aún no has consultado los #datos de #empleo #IT del mes de #Julio?
https://t.co/203nMLz4Vz

#TIC #IT #informática… https://t.co/mqGdTX56ZW",FALSE,0,NA,2019-08-07 09:01:03,TRUE,NA,"1159026659124793344",NA,"<a href=""https://www.hootsuite.com"" rel=""nofollow"">Hootsuite Inc.</a>","tecnoempleo",0,FALSE,FALSE,NA,NA
"Anfitrión Puerto Montt  - Empresa de Telecomunicaciones https://t.co/DaZ8cFA2UK ciudad Puerto Montt #trabajo #empleo",FALSE,0,NA,2019-08-07 06:53:01,FALSE,NA,"1158994438158503936",NA,"<a href=""http://www.chiletrabajos.cl/"" rel=""nofollow"">chiletrabajos</a>","cht_puertomontt",0,FALSE,FALSE,NA,NA
"Ofertas Trabajo Delineante 3D Telecomunicaciones en Madrid https://t.co/F9V1fH7ay1",FALSE,0,NA,2019-08-07 01:17:08,FALSE,NA,"1158909908311351296",NA,"<a href=""https://dlvrit.com/"" rel=""nofollow"">dlvr.it</a>","123trabajo",0,FALSE,FALSE,NA,NA
"RT @Yaritza11165273: La #Aduanacfg se capacita en  las  particularidades de la Resolución 98 del Ministro de Comunicaciones del  21/5/19, a…",FALSE,0,NA,2019-08-07 00:40:19,FALSE,NA,"1158900642443943936",NA,"<a href=""http://twitter.com/download/android"" rel=""nofollow"">Twitter for Android</a>","MaidelisHdz",3,TRUE,FALSE,NA,NA
"RT @Yaritza11165273: La #Aduanacfg se capacita en  las  particularidades de la Resolución 98 del Ministro de Comunicaciones del  21/5/19, a…",FALSE,0,NA,2019-08-06 23:34:22,FALSE,NA,"1158884045134192640",NA,"<a href=""https://mobile.twitter.com"" rel=""nofollow"">Twitter Web App</a>","JulioFe23491088",3,TRUE,FALSE,NA,NA
"RT @Yaritza11165273: La #Aduanacfg se capacita en  las  particularidades de la Resolución 98 del Ministro de Comunicaciones del  21/5/19, a…",FALSE,0,NA,2019-08-06 22:58:59,FALSE,NA,"1158875142304518146",NA,"<a href=""https://mobile.twitter.com"" rel=""nofollow"">Twitter Web App</a>","vicejefeagr",3,TRUE,FALSE,NA,NA
"La #Aduanacfg se capacita en  las  particularidades de la Resolución 98 del Ministro de Comunicaciones del  21/5/19… https://t.co/5CDyKzOzy8",FALSE,6,NA,2019-08-06 21:18:05,TRUE,NA,"1158849751678365698",NA,"<a href=""https://mobile.twitter.com"" rel=""nofollow"">Twitter Web App</a>","Yaritza11165273",3,FALSE,FALSE,NA,NA
"#oposiciones https://t.co/y4GzdouZKI TITULADO SUPERIOR. INGENIERO SUPERIOR DE TELECOMUNICACIONES, INGENIERO EN GEOD… https://t.co/IiANnf0sRv",FALSE,0,NA,2019-08-06 17:21:09,TRUE,NA,"1158790122889994240",NA,"<a href=""https://ifttt.com"" rel=""nofollow"">IFTTT</a>","TodoOposiciones",0,FALSE,FALSE,NA,NA
"¡Atención Barranquilla! Aprovecha esta oportunidad.
Buscamos: Técnico de Instalación.
Requisitos: Bachiller. | Expe… https://t.co/kRbgrr65ll",FALSE,0,NA,2019-08-06 16:16:17,TRUE,NA,"1158773800584065025",NA,"<a href=""https://www.hootsuite.com"" rel=""nofollow"">Hootsuite Inc.</a>","Extras_Col",0,FALSE,FALSE,NA,NA
"RT @Brandty_Es: It´s Brandty Time!! ¿Te apasiona el mundo de las ventas? Una importante empresa del sector de las telecomunicaciones necesi…",FALSE,0,NA,2019-08-06 11:58:32,FALSE,NA,"1158708933890072576",NA,"<a href=""http://twitter.com/download/android"" rel=""nofollow"">Twitter for Android</a>","alf_minarro",2,TRUE,FALSE,NA,NA
"RT @Brandty_Es: It´s Brandty Time!! ¿Te apasiona el mundo de las ventas? Una importante empresa del sector de las telecomunicaciones necesi…",FALSE,0,NA,2019-08-06 11:51:49,FALSE,NA,"1158707245049360386",NA,"<a href=""http://twitter.com/download/android"" rel=""nofollow"">Twitter for Android</a>","kontyky71",2,TRUE,FALSE,NA,NA
"It´s Brandty Time!! ¿Te apasiona el mundo de las ventas? Una importante empresa del sector de las telecomunicacione… https://t.co/2mN0zG2ob7",FALSE,1,NA,2019-08-06 11:50:05,TRUE,NA,"1158706809399590912",NA,"<a href=""https://www.hootsuite.com"" rel=""nofollow"">Hootsuite Inc.</a>","Brandty_Es",2,FALSE,FALSE,NA,NA
"PERSONAL DE ALMACÉN ESPECIALIZADO EN TELECOMUNICACIONES
Todos los detalles aquí <U+0001F449> https://t.co/XAEWOsAkeT
También e… https://t.co/VmSLg1ZElr",FALSE,0,NA,2019-08-06 11:33:53,TRUE,NA,"1158702731340779522",NA,"<a href=""https://ifttt.com"" rel=""nofollow"">IFTTT</a>","EmpleosenEsp",0,FALSE,FALSE,NA,NA
"Ingeniero/a Telecomunicaciones Junior
Todos los detalles aquí <U+0001F449> https://t.co/UxJRlUoQNN
También estamos en… https://t.co/du00yBRul0",FALSE,0,NA,2019-08-06 11:33:51,TRUE,NA,"1158702724613136384",NA,"<a href=""https://ifttt.com"" rel=""nofollow"">IFTTT</a>","EmpleosenEsp",0,FALSE,FALSE,NA,NA
"<U+203C>Últimas noticias del sector de #telecomunicaciones <U+0001F449><U+0001F3FB> Todos los países del mundo se están lanzando a licitar espe.… https://t.co/LX7qyAs35i",FALSE,0,NA,2019-08-06 11:30:55,TRUE,NA,"1158701984356212736",NA,"<a href=""https://metricool.com"" rel=""nofollow"">Metricool</a>","ugtcom",0,FALSE,FALSE,NA,NA
"OFERTA EMPLEO. Técnico de sistemas y telecomunicaciones - https://t.co/0i9YS1XmQq",FALSE,0,NA,2019-08-06 08:15:25,FALSE,NA,"1158652787070255104",NA,"<a href=""http://www.mailchimp.com"" rel=""nofollow"">Mailchimp</a>","Fund_OrbeZero",0,FALSE,FALSE,NA,NA
"Supervisor de Construcción - Tegucigalpa

Oportunidad de Empleo

Tegucigalpa

Puesto: Supervisor de Construcción … https://t.co/N6RybnrvPA",FALSE,0,NA,2019-08-05 19:34:47,TRUE,NA,"1158461365218086912",NA,"<a href=""https://ifttt.com"" rel=""nofollow"">IFTTT</a>","HondurasenLinea",0,FALSE,FALSE,NA,NA
"Consigue tu primer #empleo en Capital Markets en @AccentureSpain <U+0001F64C> Si eres de #Madrid y graduado en Ingeniería Info… https://t.co/0Kq7FbyguX",FALSE,1,NA,2019-08-05 16:02:04,TRUE,NA,"1158407834964504582",NA,"<a href=""https://metricool.com"" rel=""nofollow"">Metricool</a>","dadacareer",0,FALSE,FALSE,NA,NA
"¡En @Telefonica tienen un puesto a tu medida! <U+0001F44C>
Buscan un Ingeniero de Tecnología para la #Cloud pública de Telefón… https://t.co/Qu2BqMwrI6",FALSE,0,NA,2019-08-05 10:00:16,TRUE,NA,"1158316784388399105",NA,"<a href=""https://www.hootsuite.com"" rel=""nofollow"">Hootsuite Inc.</a>","ticjob",0,FALSE,FALSE,NA,NA
"RT @lajornadaonline: Los ingenieros con perfiles como diseño de Automóviles; mecánico y de procesos; industrial; en mecatrónica; eléctrico,…",FALSE,0,NA,2019-08-05 06:06:24,FALSE,NA,"1158257931776942080",NA,"<a href=""http://twitter.com/download/iphone"" rel=""nofollow"">Twitter for iPhone</a>","armandoproyecto",42,TRUE,FALSE,NA,NA
"Soporte Técnico Telecomunicaciones - Con Residencia en Viña ... https://t.co/hcBU4CaCYd #trabajo #empleo",FALSE,1,NA,2019-08-05 00:05:03,FALSE,NA,"1158166991598948352",NA,"<a href=""http://www.chiletrabajos.cl/"" rel=""nofollow"">chiletrabajos</a>","chiletrabajos",1,FALSE,FALSE,NA,NA
"RT @coitt_aegitt: ""¿Y para qué sirven los Colegios Profesionales?"". Quizás, la pregunta sería para qué NO servimos <U+0001F60F>

<U+27A1><U+FE0F> Colegiarte te perm…",FALSE,0,NA,2019-08-04 07:58:15,FALSE,NA,"1157923688907493382",NA,"<a href=""http://twitter.com/#!/download/ipad"" rel=""nofollow"">Twitter for iPad</a>","JSManzano",5,TRUE,FALSE,NA,NA
"RT @ugtcom: <U+203C>Últimas noticias del sector de #telecomunicaciones <U+0001F449><U+0001F3FB> Las portadas de las secciones internacionales ...  #UGTComunicaciones #U…",FALSE,0,NA,2019-08-03 21:29:19,FALSE,NA,"1157765411955494912",NA,"<a href=""http://twitter.com/download/android"" rel=""nofollow"">Twitter for Android</a>","jagg66",1,TRUE,FALSE,NA,NA
"<U+203C>Últimas noticias del sector de #telecomunicaciones <U+0001F449><U+0001F3FB> Las portadas de las secciones internacionales ...… https://t.co/b0HEoiHsmI",FALSE,0,NA,2019-08-03 21:01:48,TRUE,NA,"1157758487583232005",NA,"<a href=""https://metricool.com"" rel=""nofollow"">Metricool</a>","ugtcom",1,FALSE,FALSE,NA,NA
"KAM Junior Empresa de Telecomunicaciones https://t.co/KZUoKli5XQ #trabajo #empleo",FALSE,0,NA,2019-08-03 20:05:02,FALSE,NA,"1157744205025959937",NA,"<a href=""http://www.chiletrabajos.cl/"" rel=""nofollow"">chiletrabajos</a>","chiletrabajos",0,FALSE,FALSE,NA,NA
"Envía en pocos minutos tu #candidatura para #trabajar en el sector tecnológico. 

<U+0001F449> https://t.co/wRkSQJ46in

Sólo e… https://t.co/VCLxXneeUp",FALSE,0,NA,2019-08-03 15:01:28,TRUE,NA,"1157667807947100164",NA,"<a href=""https://www.hootsuite.com"" rel=""nofollow"">Hootsuite Inc.</a>","tecnoempleo",0,FALSE,FALSE,NA,NA
"Asesor de Telecomunicaciones
#empleo #trabajo #Malaga #trabajomalaga
Inscríbete aquí <U+0001F449> https://t.co/55f458L0c0",FALSE,0,NA,2019-08-03 11:22:09,FALSE,NA,"1157612614878400512",NA,"<a href=""https://ifttt.com"" rel=""nofollow"">IFTTT</a>","TrabajosMalaga_",0,FALSE,FALSE,NA,NA
"Ofertas Trabajo ASESOR/A COMERCIAL EN TELECOMUNICACIONES https://t.co/daqbn0WfpJ",FALSE,0,NA,2019-08-02 23:36:38,FALSE,NA,"1157435064629649408",NA,"<a href=""https://dlvrit.com/"" rel=""nofollow"">dlvr.it</a>","123trabajo",0,FALSE,FALSE,NA,NA
"Oportunidad Laboral
ANALISTA SENIOR CSIRT - RM
Importante empresa de Telecomunicaciones, busca a un profesional par… https://t.co/SxlDArHdyY",FALSE,0,NA,2019-08-02 19:47:12,TRUE,NA,"1157377326415564801",NA,"<a href=""https://www.hootsuite.com"" rel=""nofollow"">Hootsuite Inc.</a>","bvmconsultores",0,FALSE,FALSE,NA,NA
"Oportunidad Laboral
ANALISTA JUNIOR CSIRT - RM
Importante empresa de Telecomunicaciones, busca a un profesional par… https://t.co/iBqgnp1mNE",FALSE,0,NA,2019-08-02 19:40:43,TRUE,NA,"1157375694764163073",NA,"<a href=""https://www.hootsuite.com"" rel=""nofollow"">Hootsuite Inc.</a>","bvmconsultores",0,FALSE,FALSE,NA,NA
"Oportunidad Laboral
ESPECIALISTA SOC - RM
Importante empresa de Telecomunicaciones, requiere contratar a un profesi… https://t.co/Z2S6j92Euo",FALSE,0,NA,2019-08-02 19:38:46,TRUE,NA,"1157375205800632320",NA,"<a href=""https://www.hootsuite.com"" rel=""nofollow"">Hootsuite Inc.</a>","bvmconsultores",0,FALSE,FALSE,NA,NA
"Oportunidad Laboral
INGENIERO EN TELECOMUNICACIONES - RM
Empresa líder en el rubro busca a un Ingeniero. Postula co… https://t.co/YKFBelEfLn",FALSE,0,NA,2019-08-02 19:36:00,TRUE,NA,"1157374508535336960",NA,"<a href=""https://www.hootsuite.com"" rel=""nofollow"">Hootsuite Inc.</a>","bvmconsultores",0,FALSE,FALSE,NA,NA
"TELEOPERADOR COMERCIAL TELECOMUNICACIONES
#empleo #trabajo #Valencia #trabajovalencia
Inscríbete aquí <U+0001F449> https://t.co/8UK8FLl8ZQ",FALSE,0,NA,2019-08-02 18:59:11,FALSE,NA,"1157365242680115200",NA,"<a href=""https://ifttt.com"" rel=""nofollow"">IFTTT</a>","TrabajosValenci",0,FALSE,FALSE,NA,NA
"TELEOPERADOR RECEPCION COMERCIAL TELECOMUNICACIONES.
#empleo #trabajo #Valencia #trabajovalencia
Inscríbete aquí <U+0001F449> https://t.co/wdUx8UKIlF",FALSE,0,NA,2019-08-02 18:59:10,FALSE,NA,"1157365240499187717",NA,"<a href=""https://ifttt.com"" rel=""nofollow"">IFTTT</a>","TrabajosValenci",0,FALSE,FALSE,NA,NA
"RT @Nataliatvpas: hola busco empleo en el area de Telecomunicaciones, espero alguien me pueda ayudar me urge, soy una chica responsable, co…",FALSE,0,NA,2019-08-02 18:56:55,FALSE,NA,"1157364674603696129",NA,"<a href=""https://mobile.twitter.com"" rel=""nofollow"">Twitter Web App</a>","AndreaMirandaT4",33,TRUE,FALSE,NA,NA
"Adquisition Manager – Sector Telecomunicaciones/Real Estate
#empleo #trabajo #Madrid #empleomadrid
Solicita este tr… https://t.co/uy7KhnyJIV",FALSE,0,NA,2019-08-02 18:47:25,TRUE,NA,"1157362280746672133",NA,"<a href=""https://ifttt.com"" rel=""nofollow"">IFTTT</a>","Jobs_in_Madrid",0,FALSE,FALSE,NA,NA
"RT @Brandty_Es: It´s Brandty Time!! ¿Te apasiona el mundo de las ventas?. Una importante empresa del sector de las telecomunicaciones neces…",FALSE,0,NA,2019-08-02 16:54:42,FALSE,NA,"1157333914224091137",NA,"<a href=""http://twitter.com/download/iphone"" rel=""nofollow"">Twitter for iPhone</a>","GuzmanMtnez",4,TRUE,FALSE,NA,NA
"RT @Brandty_Es: It´s Brandty Time!! ¿Te apasiona el mundo de las ventas?. Una importante empresa del sector de las telecomunicaciones neces…",FALSE,0,NA,2019-08-02 16:24:13,FALSE,NA,"1157326244620460033",NA,"<a href=""http://DavidMorles.com"" rel=""nofollow"">AlicanteMKT</a>","AlicanteMKT",4,TRUE,FALSE,NA,NA
